REF_AREA,REF_AREA_LABEL,INDICATOR_LABEL,SEX_LABEL,TIME_PERIOD,OBS_VALUE
AFE,Africa Eastern and Southern,"Life expectancy at birth, total (years)",Total,2023,65.14629086
AFW,Africa Western and Central,"Life expectancy at birth, total (years)",Total,2023,58.85572155
ARB,Arab World,"Life expectancy at birth, total (years)",Total,2023,72.44467836
CSS,Caribbean small states,"Life expectancy at birth, total (years)",Total,2023,73.171645
CEB,Central Electricity Board (CEB),"Life expectancy at birth, total (years)",Total,2023,77.89678365
EAR,Early-demographic dividend,"Life expectancy at birth, total (years)",Total,2023,71.79624498
EAS,East Asia & Pacific,"Life expectancy at birth, total (years)",Total,2023,76.65951833
EAP,East Asia & Pacific (excluding high income),"Life expectancy at birth, total (years)",Total,2023,75.88068309
TEA,East Asia & Pacific (IDA & IBRD),"Life expectancy at birth, total (years)",Total,2023,75.90856436
EMU,Euro area,"Life expectancy at birth, total (years)",Total,2023,82.19200762
ECS,Europe & Central Asia,"Life expectancy at birth, total (years)",Total,2023,78.38701832
ECA,Europe & Central Asia (excluding high income),"Life expectancy at birth, total (years)",Total,2023,74.79871528
TEC,Europe & Central Asia (IDA & IBRD),"Life expectancy at birth, total (years)",Total,2023,74.7300564
EUU,European Union,"Life expectancy at birth, total (years)",Total,2023,81.41145038
FCS,Fragile and conflict affected situations,"Life expectancy at birth, total (years)",Total,2023,63.37328126
HPC,Heavily indebted poor countries (HIPC),"Life expectancy at birth, total (years)",Total,2023,64.71590542
HIC,High income,"Life expectancy at birth, total (years)",Total,2023,80.15001512
IBD,IBRD only,"Life expectancy at birth, total (years)",Total,2023,74.52096995
IBT,IDA & IBRD total,"Life expectancy at birth, total (years)",Total,2023,72.00082092
IDB,IDA blend,"Life expectancy at birth, total (years)",Total,2023,62.46216433
IDX,IDA only,"Life expectancy at birth, total (years)",Total,2023,67.05383189
IDA,IDA total,"Life expectancy at birth, total (years)",Total,2023,65.45352231
LTE,Late-demographic dividend,"Life expectancy at birth, total (years)",Total,2023,77.13012054
LCN,Latin America & Caribbean,"Life expectancy at birth, total (years)",Total,2023,75.64352933
LAC,Latin America & Caribbean (excluding high income),"Life expectancy at birth, total (years)",Total,2023,75.49860133
TLA,Latin America & Caribbean (IDA & IBRD),"Life expectancy at birth, total (years)",Total,2023,75.56992584
LDC,Least developed countries: UN classification,"Life expectancy at birth, total (years)",Total,2023,66.51610026
LMY,Low & middle income,"Life expectancy at birth, total (years)",Total,2023,71.97400488
LIC,Low income,"Life expectancy at birth, total (years)",Total,2023,64.51789579
LMC,Lower middle income,"Life expectancy at birth, total (years)",Total,2023,69.59637466
MEA,Middle East and North Africa,"Life expectancy at birth, total (years)",Total,2023,72.08394124
MNA,Middle East & North Africa (excluding high income),"Life expectancy at birth, total (years)",Total,2023,71.27588499
TMN,Middle East & North Africa (IDA & IBRD),"Life expectancy at birth, total (years)",Total,2023,71.31945609
MIC,Middle income,"Life expectancy at birth, total (years)",Total,2023,72.74319387
NAC,North America,"Life expectancy at birth, total (years)",Total,2023,78.73282137
OED,OECD members,"Life expectancy at birth, total (years)",Total,2023,80.1615573
OSS,Other small states,"Life expectancy at birth, total (years)",Total,2023,73.56469451
PSS,Pacific island small states,"Life expectancy at birth, total (years)",Total,2023,69.2745949
PST,Post-demographic dividend,"Life expectancy at birth, total (years)",Total,2023,80.82283464
PRE,Pre-demographic dividend,"Life expectancy at birth, total (years)",Total,2023,62.16362989
SST,Small states,"Life expectancy at birth, total (years)",Total,2023,72.90071976
SAS,South Asia,"Life expectancy at birth, total (years)",Total,2023,72.32476488
TSA,South Asia (IDA & IBRD),"Life expectancy at birth, total (years)",Total,2023,72.32476488
SSF,Sub-Saharan Africa,"Life expectancy at birth, total (years)",Total,2023,62.60291349
SSA,Sub-Saharan Africa (excluding high income),"Life expectancy at birth, total (years)",Total,2023,62.06547988
TSS,Sub-Saharan Africa (IDA & IBRD),"Life expectancy at birth, total (years)",Total,2023,62.60291349
UMC,Upper middle income,"Life expectancy at birth, total (years)",Total,2023,76.1953051
WLD,World,"Life expectancy at birth, total (years)",Total,2023,73.32971628
AFG,Afghanistan,"Life expectancy at birth, total (years)",Total,2023,66.035
ALB,Albania,"Life expectancy at birth, total (years)",Total,2023,79.602
DZA,Algeria,"Life expectancy at birth, total (years)",Total,2023,76.261
ASM,American Samoa,"Life expectancy at birth, total (years)",Total,2023,72.852
AND,Andorra,"Life expectancy at birth, total (years)",Total,2023,84.041
AGO,Angola,"Life expectancy at birth, total (years)",Total,2023,64.617
ATG,Antigua and Barbuda,"Life expectancy at birth, total (years)",Total,2023,77.598
ARG,Argentina,"Life expectancy at birth, total (years)",Total,2023,77.395
ARM,Armenia,"Life expectancy at birth, total (years)",Total,2023,77.46585366
ABW,Aruba,"Life expectancy at birth, total (years)",Total,2023,76.353
AUS,Australia,"Life expectancy at birth, total (years)",Total,2023,83.05121951
AUT,Austria,"Life expectancy at birth, total (years)",Total,2023,81.54146341
AZE,Azerbaijan,"Life expectancy at birth, total (years)",Total,2023,74.429
BHS,"Bahamas, The","Life expectancy at birth, total (years)",Total,2023,74.552
BHR,Bahrain,"Life expectancy at birth, total (years)",Total,2023,81.284
BGD,Bangladesh,"Life expectancy at birth, total (years)",Total,2023,74.672
BRB,Barbados,"Life expectancy at birth, total (years)",Total,2023,76.178
BLR,Belarus,"Life expectancy at birth, total (years)",Total,2023,74.18378049
BEL,Belgium,"Life expectancy at birth, total (years)",Total,2023,82.39756098
BLZ,Belize,"Life expectancy at birth, total (years)",Total,2023,73.566
BEN,Benin,"Life expectancy at birth, total (years)",Total,2023,60.774
BMU,Bermuda,"Life expectancy at birth, total (years)",Total,2023,82.309
BTN,Bhutan,"Life expectancy at birth, total (years)",Total,2023,72.975
BOL,Bolivia,"Life expectancy at birth, total (years)",Total,2023,68.581
BIH,Bosnia and Herzegovina,"Life expectancy at birth, total (years)",Total,2023,77.85
BWA,Botswana,"Life expectancy at birth, total (years)",Total,2023,69.163
BRA,Brazil,"Life expectancy at birth, total (years)",Total,2023,75.848
VGB,British Virgin Islands,"Life expectancy at birth, total (years)",Total,2023,77.276
BRN,Brunei Darussalam,"Life expectancy at birth, total (years)",Total,2023,75.327
BGR,Bulgaria,"Life expectancy at birth, total (years)",Total,2023,75.70731707
BFA,Burkina Faso,"Life expectancy at birth, total (years)",Total,2023,61.092
BDI,Burundi,"Life expectancy at birth, total (years)",Total,2023,63.651
CPV,Cabo Verde,"Life expectancy at birth, total (years)",Total,2023,76.059
KHM,Cambodia,"Life expectancy at birth, total (years)",Total,2023,70.668
CMR,Cameroon,"Life expectancy at birth, total (years)",Total,2023,63.7
CAN,Canada,"Life expectancy at birth, total (years)",Total,2023,81.64658537
CYM,Cayman Islands,"Life expectancy at birth, total (years)",Total,2023,80.358
CAF,Central African Republic,"Life expectancy at birth, total (years)",Total,2023,57.408
TCD,Chad,"Life expectancy at birth, total (years)",Total,2023,55.069
CHI,Channel Islands,"Life expectancy at birth, total (years)",Total,2023,81.1
CHL,Chile,"Life expectancy at birth, total (years)",Total,2023,81.167
CHN,China,"Life expectancy at birth, total (years)",Total,2023,77.953
COL,Colombia,"Life expectancy at birth, total (years)",Total,2023,77.725
COM,Comoros,"Life expectancy at birth, total (years)",Total,2023,66.777
COD,"Congo, Dem. Rep.","Life expectancy at birth, total (years)",Total,2023,61.895
COG,"Congo, Rep.","Life expectancy at birth, total (years)",Total,2023,65.772
CRI,Costa Rica,"Life expectancy at birth, total (years)",Total,2023,80.799
CIV,Cote d'Ivoire,"Life expectancy at birth, total (years)",Total,2023,61.944
HRV,Croatia,"Life expectancy at birth, total (years)",Total,2023,78.47317073
CUB,Cuba,"Life expectancy at birth, total (years)",Total,2023,78.085
CUW,Curacao,"Life expectancy at birth, total (years)",Total,2023,76.8
CYP,Cyprus,"Life expectancy at birth, total (years)",Total,2023,81.648
CZE,Czechia,"Life expectancy at birth, total (years)",Total,2023,79.87804878
DNK,Denmark,"Life expectancy at birth, total (years)",Total,2023,81.85365854
DJI,Djibouti,"Life expectancy at birth, total (years)",Total,2023,65.987
DMA,Dominica,"Life expectancy at birth, total (years)",Total,2023,71.132
DOM,Dominican Republic,"Life expectancy at birth, total (years)",Total,2023,73.72
ECU,Ecuador,"Life expectancy at birth, total (years)",Total,2023,77.392
EGY,"Egypt, Arab Rep.","Life expectancy at birth, total (years)",Total,2023,71.633
SLV,El Salvador,"Life expectancy at birth, total (years)",Total,2023,72.099
GNQ,Equatorial Guinea,"Life expectancy at birth, total (years)",Total,2023,63.707
ERI,Eritrea,"Life expectancy at birth, total (years)",Total,2023,68.624
EST,Estonia,"Life expectancy at birth, total (years)",Total,2023,78.4902439
SWZ,Eswatini,"Life expectancy at birth, total (years)",Total,2023,64.123
ETH,Ethiopia,"Life expectancy at birth, total (years)",Total,2023,67.315
FRO,Faroe Islands,"Life expectancy at birth, total (years)",Total,2023,83.14390244
FJI,Fiji,"Life expectancy at birth, total (years)",Total,2023,67.316
FIN,Finland,"Life expectancy at birth, total (years)",Total,2023,81.68536585
FRA,France,"Life expectancy at birth, total (years)",Total,2023,82.92926829
PYF,French Polynesia,"Life expectancy at birth, total (years)",Total,2023,84.07
GAB,Gabon,"Life expectancy at birth, total (years)",Total,2023,68.337
GMB,"Gambia, The","Life expectancy at birth, total (years)",Total,2023,65.86
GEO,Georgia,"Life expectancy at birth, total (years)",Total,2023,74.496
DEU,Germany,"Life expectancy at birth, total (years)",Total,2023,80.54146341
GHA,Ghana,"Life expectancy at birth, total (years)",Total,2023,65.498
GIB,Gibraltar,"Life expectancy at birth, total (years)",Total,2023,83.553
GRC,Greece,"Life expectancy at birth, total (years)",Total,2023,81.53658537
GRL,Greenland,"Life expectancy at birth, total (years)",Total,2023,71.5497561
GRD,Grenada,"Life expectancy at birth, total (years)",Total,2023,75.205
GUM,Guam,"Life expectancy at birth, total (years)",Total,2023,77.209
GTM,Guatemala,"Life expectancy at birth, total (years)",Total,2023,72.602
GIN,Guinea,"Life expectancy at birth, total (years)",Total,2023,60.74
GNB,Guinea-Bissau,"Life expectancy at birth, total (years)",Total,2023,64.085
GUY,Guyana,"Life expectancy at birth, total (years)",Total,2023,70.18
HTI,Haiti,"Life expectancy at birth, total (years)",Total,2023,64.936
HND,Honduras,"Life expectancy at birth, total (years)",Total,2023,72.884
HKG,"Hong Kong SAR, China","Life expectancy at birth, total (years)",Total,2023,85.24731707
HUN,Hungary,"Life expectancy at birth, total (years)",Total,2023,76.77073171
ISL,Iceland,"Life expectancy at birth, total (years)",Total,2023,82.60731707
IND,India,"Life expectancy at birth, total (years)",Total,2023,72.003
IDN,Indonesia,"Life expectancy at birth, total (years)",Total,2023,71.146
IRN,"Iran, Islamic Rep.","Life expectancy at birth, total (years)",Total,2023,77.654
IRQ,Iraq,"Life expectancy at birth, total (years)",Total,2023,72.324
IRL,Ireland,"Life expectancy at birth, total (years)",Total,2023,82.86097561
IMN,Isle of Man,"Life expectancy at birth, total (years)",Total,2023,80.999
ISR,Israel,"Life expectancy at birth, total (years)",Total,2023,83.19512195
ITA,Italy,"Life expectancy at birth, total (years)",Total,2023,83.7
JAM,Jamaica,"Life expectancy at birth, total (years)",Total,2023,71.479
JPN,Japan,"Life expectancy at birth, total (years)",Total,2023,84.04121951
JOR,Jordan,"Life expectancy at birth, total (years)",Total,2023,77.814
KAZ,Kazakhstan,"Life expectancy at birth, total (years)",Total,2023,74.402
KEN,Kenya,"Life expectancy at birth, total (years)",Total,2023,63.646
KIR,Kiribati,"Life expectancy at birth, total (years)",Total,2023,66.473
PRK,"Korea, Dem. People's Rep.","Life expectancy at birth, total (years)",Total,2023,73.642
KOR,"Korea, Rep.","Life expectancy at birth, total (years)",Total,2023,83.42926829
XKX,Kosovo,"Life expectancy at birth, total (years)",Total,2023,78.033
KWT,Kuwait,"Life expectancy at birth, total (years)",Total,2023,83.18780488
KGZ,Kyrgyz Republic,"Life expectancy at birth, total (years)",Total,2023,72.24878049
LAO,Lao PDR,"Life expectancy at birth, total (years)",Total,2023,68.964
LVA,Latvia,"Life expectancy at birth, total (years)",Total,2023,75.67804878
LBN,Lebanon,"Life expectancy at birth, total (years)",Total,2023,77.817
LSO,Lesotho,"Life expectancy at birth, total (years)",Total,2023,57.375
LBR,Liberia,"Life expectancy at birth, total (years)",Total,2023,62.163
LBY,Libya,"Life expectancy at birth, total (years)",Total,2023,69.339
LIE,Liechtenstein,"Life expectancy at birth, total (years)",Total,2023,84.84146341
LTU,Lithuania,"Life expectancy at birth, total (years)",Total,2023,76.98780488
LUX,Luxembourg,"Life expectancy at birth, total (years)",Total,2023,83.35853659
MAC,"Macao SAR, China","Life expectancy at birth, total (years)",Total,2023,83.1804878
MDG,Madagascar,"Life expectancy at birth, total (years)",Total,2023,63.632
MWI,Malawi,"Life expectancy at birth, total (years)",Total,2023,67.353
MYS,Malaysia,"Life expectancy at birth, total (years)",Total,2023,76.657
MDV,Maldives,"Life expectancy at birth, total (years)",Total,2023,81.041
MLI,Mali,"Life expectancy at birth, total (years)",Total,2023,60.439
MLT,Malta,"Life expectancy at birth, total (years)",Total,2023,83.50731707
MHL,Marshall Islands,"Life expectancy at birth, total (years)",Total,2023,66.945
MRT,Mauritania,"Life expectancy at birth, total (years)",Total,2023,68.484
MUS,Mauritius,"Life expectancy at birth, total (years)",Total,2023,73.41219512
MEX,Mexico,"Life expectancy at birth, total (years)",Total,2023,75.069
FSM,"Micronesia, Fed. Sts.","Life expectancy at birth, total (years)",Total,2023,67.198
MDA,Moldova,"Life expectancy at birth, total (years)",Total,2023,71.198
MCO,Monaco,"Life expectancy at birth, total (years)",Total,2023,86.372
MNG,Mongolia,"Life expectancy at birth, total (years)",Total,2023,72.12243902
MNE,Montenegro,"Life expectancy at birth, total (years)",Total,2023,77.58780488
MAR,Morocco,"Life expectancy at birth, total (years)",Total,2023,75.313
MOZ,Mozambique,"Life expectancy at birth, total (years)",Total,2023,63.611
MMR,Myanmar,"Life expectancy at birth, total (years)",Total,2023,66.889
NAM,Namibia,"Life expectancy at birth, total (years)",Total,2023,67.385
NRU,Nauru,"Life expectancy at birth, total (years)",Total,2023,62.109
NPL,Nepal,"Life expectancy at birth, total (years)",Total,2023,70.354
NLD,Netherlands,"Life expectancy at birth, total (years)",Total,2023,81.91463415
NCL,New Caledonia,"Life expectancy at birth, total (years)",Total,2023,78.766
NZL,New Zealand,"Life expectancy at birth, total (years)",Total,2023,83.00487805
NIC,Nicaragua,"Life expectancy at birth, total (years)",Total,2023,74.947
NER,Niger,"Life expectancy at birth, total (years)",Total,2023,61.183
NGA,Nigeria,"Life expectancy at birth, total (years)",Total,2023,54.462
MKD,North Macedonia,"Life expectancy at birth, total (years)",Total,2023,75.31609756
MNP,Northern Mariana Islands,"Life expectancy at birth, total (years)",Total,2023,78.808
NOR,Norway,"Life expectancy at birth, total (years)",Total,2023,83.11219512
OMN,Oman,"Life expectancy at birth, total (years)",Total,2023,80.031
PAK,Pakistan,"Life expectancy at birth, total (years)",Total,2023,67.649
PLW,Palau,"Life expectancy at birth, total (years)",Total,2023,69.269
PAN,Panama,"Life expectancy at birth, total (years)",Total,2023,79.594
PNG,Papua New Guinea,"Life expectancy at birth, total (years)",Total,2023,66.134
PRY,Paraguay,"Life expectancy at birth, total (years)",Total,2023,73.844
PER,Peru,"Life expectancy at birth, total (years)",Total,2023,77.74
PHL,Philippines,"Life expectancy at birth, total (years)",Total,2023,69.833
POL,Poland,"Life expectancy at birth, total (years)",Total,2023,78.50731707
PRT,Portugal,"Life expectancy at birth, total (years)",Total,2023,82.2804878
PRI,Puerto Rico,"Life expectancy at birth, total (years)",Total,2023,81.69
QAT,Qatar,"Life expectancy at birth, total (years)",Total,2023,82.368
ROU,Romania,"Life expectancy at birth, total (years)",Total,2023,76.60731707
RUS,Russian Federation,"Life expectancy at birth, total (years)",Total,2023,73.25463415
RWA,Rwanda,"Life expectancy at birth, total (years)",Total,2023,67.785
WSM,Samoa,"Life expectancy at birth, total (years)",Total,2023,71.698
SMR,San Marino,"Life expectancy at birth, total (years)",Total,2023,85.706
STP,Sao Tome and Principe,"Life expectancy at birth, total (years)",Total,2023,69.718
SAU,Saudi Arabia,"Life expectancy at birth, total (years)",Total,2023,78.732
SEN,Senegal,"Life expectancy at birth, total (years)",Total,2023,68.683
SRB,Serbia,"Life expectancy at birth, total (years)",Total,2023,76.22097561
SYC,Seychelles,"Life expectancy at birth, total (years)",Total,2023,74.95853659
SLE,Sierra Leone,"Life expectancy at birth, total (years)",Total,2023,61.786
SGP,Singapore,"Life expectancy at birth, total (years)",Total,2023,82.89512195
SXM,Sint Maarten (Dutch part),"Life expectancy at birth, total (years)",Total,2023,76.371
SVK,Slovak Republic,"Life expectancy at birth, total (years)",Total,2023,78.01707317
SVN,Slovenia,"Life expectancy at birth, total (years)",Total,2023,81.97804878
SLB,Solomon Islands,"Life expectancy at birth, total (years)",Total,2023,70.528
SOM,Somalia,"Life expectancy at birth, total (years)",Total,2023,58.816
ZAF,South Africa,"Life expectancy at birth, total (years)",Total,2023,66.139
SDS,South Sudan,"Life expectancy at birth, total (years)",Total,2023,57.617
ESP,Spain,"Life expectancy at birth, total (years)",Total,2023,83.88292683
LKA,Sri Lanka,"Life expectancy at birth, total (years)",Total,2023,77.483
KNA,St. Kitts and Nevis,"Life expectancy at birth, total (years)",Total,2023,72.145
LCA,St. Lucia,"Life expectancy at birth, total (years)",Total,2023,72.697
MAF,St. Martin (French part),"Life expectancy at birth, total (years)",Total,2023,80.224
VCT,St. Vincent and the Grenadines,"Life expectancy at birth, total (years)",Total,2023,71.23
SDN,Sudan,"Life expectancy at birth, total (years)",Total,2023,66.331
SUR,Suriname,"Life expectancy at birth, total (years)",Total,2023,73.631
SWE,Sweden,"Life expectancy at birth, total (years)",Total,2023,83.3097561
CHE,Switzerland,"Life expectancy at birth, total (years)",Total,2023,84.05609756
SYR,Syrian Arab Republic,"Life expectancy at birth, total (years)",Total,2023,72.12
TJK,Tajikistan,"Life expectancy at birth, total (years)",Total,2023,71.79
TZA,Tanzania,"Life expectancy at birth, total (years)",Total,2023,66.995
THA,Thailand,"Life expectancy at birth, total (years)",Total,2023,76.412
TLS,Timor-Leste,"Life expectancy at birth, total (years)",Total,2023,67.689
TGO,Togo,"Life expectancy at birth, total (years)",Total,2023,62.739
TON,Tonga,"Life expectancy at birth, total (years)",Total,2023,72.895
TTO,Trinidad and Tobago,"Life expectancy at birth, total (years)",Total,2023,73.49
TUN,Tunisia,"Life expectancy at birth, total (years)",Total,2023,76.508
TUR,Turkiye,"Life expectancy at birth, total (years)",Total,2023,77.156
TKM,Turkmenistan,"Life expectancy at birth, total (years)",Total,2023,70.073
TCA,Turks and Caicos Islands,"Life expectancy at birth, total (years)",Total,2023,78.008
TUV,Tuvalu,"Life expectancy at birth, total (years)",Total,2023,67.105
UGA,Uganda,"Life expectancy at birth, total (years)",Total,2023,68.252
UKR,Ukraine,"Life expectancy at birth, total (years)",Total,2023,73.422
ARE,United Arab Emirates,"Life expectancy at birth, total (years)",Total,2023,82.909
GBR,United Kingdom,"Life expectancy at birth, total (years)",Total,2023,81.23809756
USA,United States,"Life expectancy at birth, total (years)",Total,2023,78.38536585
URY,Uruguay,"Life expectancy at birth, total (years)",Total,2023,78.138
UZB,Uzbekistan,"Life expectancy at birth, total (years)",Total,2023,72.388
VUT,Vanuatu,"Life expectancy at birth, total (years)",Total,2023,71.477
VEN,"Venezuela, RB","Life expectancy at birth, total (years)",Total,2023,72.514
VNM,Viet Nam,"Life expectancy at birth, total (years)",Total,2023,74.588
VIR,Virgin Islands (U.S.),"Life expectancy at birth, total (years)",Total,2023,80.5195122
PSE,West Bank and Gaza,"Life expectancy at birth, total (years)",Total,2023,65.17
YEM,"Yemen, Rep.","Life expectancy at birth, total (years)",Total,2023,69.295
ZMB,Zambia,"Life expectancy at birth, total (years)",Total,2023,66.349
ZWE,Zimbabwe,"Life expectancy at birth, total (years)",Total,2023,62.775
AFG,Afghanistan,"Life expectancy at birth, male (years)",Male,2023,64.467
,Africa (UN),"Life expectancy at birth, male (years)",Male,2023,61.812
ALB,Albania,"Life expectancy at birth, male (years)",Male,2023,77.728
DZA,Algeria,"Life expectancy at birth, male (years)",Male,2023,74.895
ASM,American Samoa,"Life expectancy at birth, male (years)",Male,2023,70.202
AND,Andorra,"Life expectancy at birth, male (years)",Male,2023,82.1
AGO,Angola,"Life expectancy at birth, male (years)",Male,2023,62.099
AIA,Anguilla,"Life expectancy at birth, male (years)",Male,2023,76.026
ATG,Antigua and Barbuda,"Life expectancy at birth, male (years)",Male,2023,74.549
ARG,Argentina,"Life expectancy at birth, male (years)",Male,2023,74.805
ARM,Armenia,"Life expectancy at birth, male (years)",Male,2023,71.385
ABW,Aruba,"Life expectancy at birth, male (years)",Male,2023,73.702
,Asia (UN),"Life expectancy at birth, male (years)",Male,2023,72.081
AUS,Australia,"Life expectancy at birth, male (years)",Male,2023,82.098
AUT,Austria,"Life expectancy at birth, male (years)",Male,2023,79.543
AZE,Azerbaijan,"Life expectancy at birth, male (years)",Male,2023,71.561
BHS,Bahamas,"Life expectancy at birth, male (years)",Male,2023,70.906
BHR,Bahrain,"Life expectancy at birth, male (years)",Male,2023,80.672
BGD,Bangladesh,"Life expectancy at birth, male (years)",Male,2023,73.032
BRB,Barbados,"Life expectancy at birth, male (years)",Male,2023,73.631
BLR,Belarus,"Life expectancy at birth, male (years)",Male,2023,69.535
BEL,Belgium,"Life expectancy at birth, male (years)",Male,2023,79.856
BLZ,Belize,"Life expectancy at birth, male (years)",Male,2023,70.928
BEN,Benin,"Life expectancy at birth, male (years)",Male,2023,59.347
BMU,Bermuda,"Life expectancy at birth, male (years)",Male,2023,78.855
BTN,Bhutan,"Life expectancy at birth, male (years)",Male,2023,71.305
BOL,Bolivia,"Life expectancy at birth, male (years)",Male,2023,66.128
BES,Bonaire Sint Eustatius and Saba,"Life expectancy at birth, male (years)",Male,2023,75.235
BIH,Bosnia and Herzegovina,"Life expectancy at birth, male (years)",Male,2023,74.424
BWA,Botswana,"Life expectancy at birth, male (years)",Male,2023,66.673
BRA,Brazil,"Life expectancy at birth, male (years)",Male,2023,72.76
VGB,British Virgin Islands,"Life expectancy at birth, male (years)",Male,2023,74.526
BRN,Brunei,"Life expectancy at birth, male (years)",Male,2023,73.328
BGR,Bulgaria,"Life expectancy at birth, male (years)",Male,2023,72.163
BFA,Burkina Faso,"Life expectancy at birth, male (years)",Male,2023,58.921
BDI,Burundi,"Life expectancy at birth, male (years)",Male,2023,61.599
KHM,Cambodia,"Life expectancy at birth, male (years)",Male,2023,68.011
CMR,Cameroon,"Life expectancy at birth, male (years)",Male,2023,61.522
CAN,Canada,"Life expectancy at birth, male (years)",Male,2023,80.427
CPV,Cape Verde,"Life expectancy at birth, male (years)",Male,2023,72.856
CYM,Cayman Islands,"Life expectancy at birth, male (years)",Male,2023,77.981
CAF,Central African Republic,"Life expectancy at birth, male (years)",Male,2023,55.26
TCD,Chad,"Life expectancy at birth, male (years)",Male,2023,53.195
CHL,Chile,"Life expectancy at birth, male (years)",Male,2023,79.24
CHN,China,"Life expectancy at birth, male (years)",Male,2023,75.201
COL,Colombia,"Life expectancy at birth, male (years)",Male,2023,74.95
COM,Comoros,"Life expectancy at birth, male (years)",Male,2023,64.786
COG,Congo,"Life expectancy at birth, male (years)",Male,2023,64.122
COK,Cook Islands,"Life expectancy at birth, male (years)",Male,2023,71.869
CRI,Costa Rica,"Life expectancy at birth, male (years)",Male,2023,78.129
CIV,Cote d'Ivoire,"Life expectancy at birth, male (years)",Male,2023,60.016
HRV,Croatia,"Life expectancy at birth, male (years)",Male,2023,75.408
CUB,Cuba,"Life expectancy at birth, male (years)",Male,2023,75.672
CUW,Curacao,"Life expectancy at birth, male (years)",Male,2023,72.456
CYP,Cyprus,"Life expectancy at birth, male (years)",Male,2023,79.635
CZE,Czechia,"Life expectancy at birth, male (years)",Male,2023,76.999
COD,Democratic Republic of Congo,"Life expectancy at birth, male (years)",Male,2023,59.792
DNK,Denmark,"Life expectancy at birth, male (years)",Male,2023,80.019
DJI,Djibouti,"Life expectancy at birth, male (years)",Male,2023,63.525
DMA,Dominica,"Life expectancy at birth, male (years)",Male,2023,68.214
DOM,Dominican Republic,"Life expectancy at birth, male (years)",Male,2023,70.532
TLS,East Timor,"Life expectancy at birth, male (years)",Male,2023,66.067
ECU,Ecuador,"Life expectancy at birth, male (years)",Male,2023,74.664
EGY,Egypt,"Life expectancy at birth, male (years)",Male,2023,69.493
SLV,El Salvador,"Life expectancy at birth, male (years)",Male,2023,67.524
GNQ,Equatorial Guinea,"Life expectancy at birth, male (years)",Male,2023,62.037
ERI,Eritrea,"Life expectancy at birth, male (years)",Male,2023,66.509
EST,Estonia,"Life expectancy at birth, male (years)",Male,2023,74.9
SWZ,Eswatini,"Life expectancy at birth, male (years)",Male,2023,61.187
ETH,Ethiopia,"Life expectancy at birth, male (years)",Male,2023,64.078
,Europe (UN),"Life expectancy at birth, male (years)",Male,2023,75.526
FLK,Falkland Islands,"Life expectancy at birth, male (years)",Male,2023,77.151
FRO,Faroe Islands,"Life expectancy at birth, male (years)",Male,2023,78.169
FJI,Fiji,"Life expectancy at birth, male (years)",Male,2023,65.341
FIN,Finland,"Life expectancy at birth, male (years)",Male,2023,79.165
FRA,France,"Life expectancy at birth, male (years)",Male,2023,80.428
GUF,French Guiana,"Life expectancy at birth, male (years)",Male,2023,74.134
PYF,French Polynesia,"Life expectancy at birth, male (years)",Male,2023,81.779
GAB,Gabon,"Life expectancy at birth, male (years)",Male,2023,65.905
GMB,Gambia,"Life expectancy at birth, male (years)",Male,2023,64.174
GEO,Georgia,"Life expectancy at birth, male (years)",Male,2023,69.569
DEU,Germany,"Life expectancy at birth, male (years)",Male,2023,79.017
GHA,Ghana,"Life expectancy at birth, male (years)",Male,2023,63.134
GIB,Gibraltar,"Life expectancy at birth, male (years)",Male,2023,80.915
GRC,Greece,"Life expectancy at birth, male (years)",Male,2023,79.287
GRL,Greenland,"Life expectancy at birth, male (years)",Male,2023,68.092
GRD,Grenada,"Life expectancy at birth, male (years)",Male,2023,72.364
GLP,Guadeloupe,"Life expectancy at birth, male (years)",Male,2023,78.134
GUM,Guam,"Life expectancy at birth, male (years)",Male,2023,73.435
GTM,Guatemala,"Life expectancy at birth, male (years)",Male,2023,70.312
GGY,Guernsey,"Life expectancy at birth, male (years)",Male,2023,81.012
GIN,Guinea,"Life expectancy at birth, male (years)",Male,2023,59.517
GNB,Guinea-Bissau,"Life expectancy at birth, male (years)",Male,2023,61.657
GUY,Guyana,"Life expectancy at birth, male (years)",Male,2023,66.507
HTI,Haiti,"Life expectancy at birth, male (years)",Male,2023,61.729
,High-income countries,"Life expectancy at birth, male (years)",Male,2023,78.844
HND,Honduras,"Life expectancy at birth, male (years)",Male,2023,70.346
HKG,Hong Kong,"Life expectancy at birth, male (years)",Male,2023,82.844
HUN,Hungary,"Life expectancy at birth, male (years)",Male,2023,73.708
ISL,Iceland,"Life expectancy at birth, male (years)",Male,2023,80.981
IND,India,"Life expectancy at birth, male (years)",Male,2023,70.522
IDN,Indonesia,"Life expectancy at birth, male (years)",Male,2023,69.036
IRN,Iran,"Life expectancy at birth, male (years)",Male,2023,75.786
IRQ,Iraq,"Life expectancy at birth, male (years)",Male,2023,70.426
IRL,Ireland,"Life expectancy at birth, male (years)",Male,2023,80.372
IMN,Isle of Man,"Life expectancy at birth, male (years)",Male,2023,78.926
ISR,Israel,"Life expectancy at birth, male (years)",Male,2023,80.182
ITA,Italy,"Life expectancy at birth, male (years)",Male,2023,81.568
JAM,Jamaica,"Life expectancy at birth, male (years)",Male,2023,68.975
JPN,Japan,"Life expectancy at birth, male (years)",Male,2023,81.688
JEY,Jersey,"Life expectancy at birth, male (years)",Male,2023,77.72
JOR,Jordan,"Life expectancy at birth, male (years)",Male,2023,75.709
KAZ,Kazakhstan,"Life expectancy at birth, male (years)",Male,2023,70.112
KEN,Kenya,"Life expectancy at birth, male (years)",Male,2023,61.459
KIR,Kiribati,"Life expectancy at birth, male (years)",Male,2023,64.58
OWID_KOS,Kosovo,"Life expectancy at birth, male (years)",Male,2023,75.804
KWT,Kuwait,"Life expectancy at birth, male (years)",Male,2023,79.253
KGZ,Kyrgyzstan,"Life expectancy at birth, male (years)",Male,2023,68.179
LAO,Laos,"Life expectancy at birth, male (years)",Male,2023,66.779
,Latin America and the Caribbean (UN),"Life expectancy at birth, male (years)",Male,2023,72.756
LVA,Latvia,"Life expectancy at birth, male (years)",Male,2023,71.56
,Least developed countries,"Life expectancy at birth, male (years)",Male,2023,64.073
LBN,Lebanon,"Life expectancy at birth, male (years)",Male,2023,75.744
LSO,Lesotho,"Life expectancy at birth, male (years)",Male,2023,54.62
,Less developed regions,"Life expectancy at birth, male (years)",Male,2023,69.313
,"Less developed regions, excluding China","Life expectancy at birth, male (years)",Male,2023,68.013
,"Less developed regions, excluding least developed countries","Life expectancy at birth, male (years)",Male,2023,70.552
LBR,Liberia,"Life expectancy at birth, male (years)",Male,2023,60.875
LBY,Libya,"Life expectancy at birth, male (years)",Male,2023,68.265
LIE,Liechtenstein,"Life expectancy at birth, male (years)",Male,2023,81.837
LTU,Lithuania,"Life expectancy at birth, male (years)",Male,2023,71.216
,Low-income countries,"Life expectancy at birth, male (years)",Male,2023,62.579
,Lower-middle-income countries,"Life expectancy at birth, male (years)",Male,2023,67.648
LUX,Luxembourg,"Life expectancy at birth, male (years)",Male,2023,80.568
MAC,Macao,"Life expectancy at birth, male (years)",Male,2023,80.825
MDG,Madagascar,"Life expectancy at birth, male (years)",Male,2023,61.938
MWI,Malawi,"Life expectancy at birth, male (years)",Male,2023,64.073
MYS,Malaysia,"Life expectancy at birth, male (years)",Male,2023,74.272
MDV,Maldives,"Life expectancy at birth, male (years)",Male,2023,79.691
MLI,Mali,"Life expectancy at birth, male (years)",Male,2023,59.036
MLT,Malta,"Life expectancy at birth, male (years)",Male,2023,81.272
MHL,Marshall Islands,"Life expectancy at birth, male (years)",Male,2023,64.933
MTQ,Martinique,"Life expectancy at birth, male (years)",Male,2023,79.254
MRT,Mauritania,"Life expectancy at birth, male (years)",Male,2023,66.499
MUS,Mauritius,"Life expectancy at birth, male (years)",Male,2023,71.935
MYT,Mayotte,"Life expectancy at birth, male (years)",Male,2023,74.086
MEX,Mexico,"Life expectancy at birth, male (years)",Male,2023,72.243
FSM,Micronesia (country),"Life expectancy at birth, male (years)",Male,2023,63.488
MDA,Moldova,"Life expectancy at birth, male (years)",Male,2023,66.568
MCO,Monaco,"Life expectancy at birth, male (years)",Male,2023,84.448
MNG,Mongolia,"Life expectancy at birth, male (years)",Male,2023,67.244
MNE,Montenegro,"Life expectancy at birth, male (years)",Male,2023,73.735
MSR,Montserrat,"Life expectancy at birth, male (years)",Male,2023,74.112
,More developed regions,"Life expectancy at birth, male (years)",Male,2023,76.721
MAR,Morocco,"Life expectancy at birth, male (years)",Male,2023,73.173
MOZ,Mozambique,"Life expectancy at birth, male (years)",Male,2023,60.301
MMR,Myanmar,"Life expectancy at birth, male (years)",Male,2023,63.79
NAM,Namibia,"Life expectancy at birth, male (years)",Male,2023,63.327
NRU,Nauru,"Life expectancy at birth, male (years)",Male,2023,60.281
NPL,Nepal,"Life expectancy at birth, male (years)",Male,2023,68.835
NLD,Netherlands,"Life expectancy at birth, male (years)",Male,2023,80.538
NCL,New Caledonia,"Life expectancy at birth, male (years)",Male,2023,76.279
NZL,New Zealand,"Life expectancy at birth, male (years)",Male,2023,80.412
NIC,Nicaragua,"Life expectancy at birth, male (years)",Male,2023,72.305
NER,Niger,"Life expectancy at birth, male (years)",Male,2023,60.26
NGA,Nigeria,"Life expectancy at birth, male (years)",Male,2023,54.176
NIU,Niue,"Life expectancy at birth, male (years)",Male,2023,67.429
PRK,North Korea,"Life expectancy at birth, male (years)",Male,2023,71.457
MKD,North Macedonia,"Life expectancy at birth, male (years)",Male,2023,75.106
,Northern America (UN),"Life expectancy at birth, male (years)",Male,2023,77.219
MNP,Northern Mariana Islands,"Life expectancy at birth, male (years)",Male,2023,77.13
NOR,Norway,"Life expectancy at birth, male (years)",Male,2023,81.748
,Oceania (UN),"Life expectancy at birth, male (years)",Male,2023,76.88
OMN,Oman,"Life expectancy at birth, male (years)",Male,2023,78.49
PAK,Pakistan,"Life expectancy at birth, male (years)",Male,2023,65.332
PLW,Palau,"Life expectancy at birth, male (years)",Male,2023,67.154
PSE,Palestine,"Life expectancy at birth, male (years)",Male,2023,59.691
PAN,Panama,"Life expectancy at birth, male (years)",Male,2023,76.654
PNG,Papua New Guinea,"Life expectancy at birth, male (years)",Male,2023,63.739
PRY,Paraguay,"Life expectancy at birth, male (years)",Male,2023,70.886
PER,Peru,"Life expectancy at birth, male (years)",Male,2023,75.413
PHL,Philippines,"Life expectancy at birth, male (years)",Male,2023,66.893
POL,Poland,"Life expectancy at birth, male (years)",Male,2023,74.877
PRT,Portugal,"Life expectancy at birth, male (years)",Male,2023,79.437
PRI,Puerto Rico,"Life expectancy at birth, male (years)",Male,2023,78.032
QAT,Qatar,"Life expectancy at birth, male (years)",Male,2023,81.611
REU,Reunion,"Life expectancy at birth, male (years)",Male,2023,80.531
ROU,Romania,"Life expectancy at birth, male (years)",Male,2023,72.397
RUS,Russia,"Life expectancy at birth, male (years)",Male,2023,67.256
RWA,Rwanda,"Life expectancy at birth, male (years)",Male,2023,65.493
BLM,Saint Barthelemy,"Life expectancy at birth, male (years)",Male,2023,81.462
SHN,Saint Helena,"Life expectancy at birth, male (years)",Male,2023,73.869
KNA,Saint Kitts and Nevis,"Life expectancy at birth, male (years)",Male,2023,68.573
LCA,Saint Lucia,"Life expectancy at birth, male (years)",Male,2023,69.311
MAF,Saint Martin (French part),"Life expectancy at birth, male (years)",Male,2023,76.766
SPM,Saint Pierre and Miquelon,"Life expectancy at birth, male (years)",Male,2023,72.753
VCT,Saint Vincent and the Grenadines,"Life expectancy at birth, male (years)",Male,2023,68.664
WSM,Samoa,"Life expectancy at birth, male (years)",Male,2023,69.861
SMR,San Marino,"Life expectancy at birth, male (years)",Male,2023,84.206
STP,Sao Tome and Principe,"Life expectancy at birth, male (years)",Male,2023,66.239
SAU,Saudi Arabia,"Life expectancy at birth, male (years)",Male,2023,77.097
SEN,Senegal,"Life expectancy at birth, male (years)",Male,2023,66.79
SRB,Serbia,"Life expectancy at birth, male (years)",Male,2023,73.5
SYC,Seychelles,"Life expectancy at birth, male (years)",Male,2023,69.937
SLE,Sierra Leone,"Life expectancy at birth, male (years)",Male,2023,60.065
SGP,Singapore,"Life expectancy at birth, male (years)",Male,2023,81.24
SXM,Sint Maarten (Dutch part),"Life expectancy at birth, male (years)",Male,2023,73.698
SVK,Slovakia,"Life expectancy at birth, male (years)",Male,2023,75.022
SVN,Slovenia,"Life expectancy at birth, male (years)",Male,2023,78.896
SLB,Solomon Islands,"Life expectancy at birth, male (years)",Male,2023,69.217
SOM,Somalia,"Life expectancy at birth, male (years)",Male,2023,56.35
ZAF,South Africa,"Life expectancy at birth, male (years)",Male,2023,62.609
KOR,South Korea,"Life expectancy at birth, male (years)",Male,2023,81.194
SSD,South Sudan,"Life expectancy at birth, male (years)",Male,2023,54.636
ESP,Spain,"Life expectancy at birth, male (years)",Male,2023,80.962
LKA,Sri Lanka,"Life expectancy at birth, male (years)",Male,2023,74.244
SDN,Sudan,"Life expectancy at birth, male (years)",Male,2023,63.272
SUR,Suriname,"Life expectancy at birth, male (years)",Male,2023,70.458
SWE,Sweden,"Life expectancy at birth, male (years)",Male,2023,81.444
CHE,Switzerland,"Life expectancy at birth, male (years)",Male,2023,82.009
SYR,Syria,"Life expectancy at birth, male (years)",Male,2023,69.829
TWN,Taiwan,"Life expectancy at birth, male (years)",Male,2023,77.628
TJK,Tajikistan,"Life expectancy at birth, male (years)",Male,2023,69.574
TZA,Tanzania,"Life expectancy at birth, male (years)",Male,2023,64.198
THA,Thailand,"Life expectancy at birth, male (years)",Male,2023,72.161
TGO,Togo,"Life expectancy at birth, male (years)",Male,2023,62.536
TKL,Tokelau,"Life expectancy at birth, male (years)",Male,2023,74.954
TON,Tonga,"Life expectancy at birth, male (years)",Male,2023,69.37
TTO,Trinidad and Tobago,"Life expectancy at birth, male (years)",Male,2023,70.378
TUN,Tunisia,"Life expectancy at birth, male (years)",Male,2023,73.918
TUR,Turkey,"Life expectancy at birth, male (years)",Male,2023,74.529
TKM,Turkmenistan,"Life expectancy at birth, male (years)",Male,2023,66.871
TCA,Turks and Caicos Islands,"Life expectancy at birth, male (years)",Male,2023,75.826
TUV,Tuvalu,"Life expectancy at birth, male (years)",Male,2023,63.765
UGA,Uganda,"Life expectancy at birth, male (years)",Male,2023,65.268
UKR,Ukraine,"Life expectancy at birth, male (years)",Male,2023,66.9
ARE,United Arab Emirates,"Life expectancy at birth, male (years)",Male,2023,81.978
GBR,United Kingdom,"Life expectancy at birth, male (years)",Male,2023,79.362
USA,United States,"Life expectancy at birth, male (years)",Male,2023,76.864
VIR,United States Virgin Islands,"Life expectancy at birth, male (years)",Male,2023,70.513
,Upper-middle-income countries,"Life expectancy at birth, male (years)",Male,2023,72.866
URY,Uruguay,"Life expectancy at birth, male (years)",Male,2023,74.192
UZB,Uzbekistan,"Life expectancy at birth, male (years)",Male,2023,69.45
VUT,Vanuatu,"Life expectancy at birth, male (years)",Male,2023,69.445
VAT,Vatican,"Life expectancy at birth, male (years)",Male,2023,80.778
VEN,Venezuela,"Life expectancy at birth, male (years)",Male,2023,68.72
VNM,Vietnam,"Life expectancy at birth, male (years)",Male,2023,69.877
WLF,Wallis and Futuna,"Life expectancy at birth, male (years)",Male,2023,77.661
ESH,Western Sahara,"Life expectancy at birth, male (years)",Male,2023,69.688
OWID_WRL,World,"Life expectancy at birth, male (years)",Male,2023,70.547
YEM,Yemen,"Life expectancy at birth, male (years)",Male,2023,67.235
ZMB,Zambia,"Life expectancy at birth, male (years)",Male,2023,63.936
ZWE,Zimbabwe,"Life expectancy at birth, male (years)",Male,2023,60.226
AFG,Afghanistan,"Life expectancy at birth, female (years)",Female,2023,67.536
,Africa (UN),"Life expectancy at birth, female (years)",Female,2023,65.907
ALB,Albania,"Life expectancy at birth, female (years)",Female,2023,81.446
DZA,Algeria,"Life expectancy at birth, female (years)",Female,2023,77.696
ASM,American Samoa,"Life expectancy at birth, female (years)",Female,2023,75.838
AND,Andorra,"Life expectancy at birth, female (years)",Female,2023,86.107
AGO,Angola,"Life expectancy at birth, female (years)",Female,2023,67.144
AIA,Anguilla,"Life expectancy at birth, female (years)",Female,2023,82.664
ATG,Antigua and Barbuda,"Life expectancy at birth, female (years)",Female,2023,80.294
ARG,Argentina,"Life expectancy at birth, female (years)",Female,2023,79.875
ARM,Armenia,"Life expectancy at birth, female (years)",Female,2023,79.454
ABW,Aruba,"Life expectancy at birth, female (years)",Female,2023,78.779
,Asia (UN),"Life expectancy at birth, female (years)",Female,2023,77.197
AUS,Australia,"Life expectancy at birth, female (years)",Female,2023,85.737
AUT,Austria,"Life expectancy at birth, female (years)",Female,2023,84.319
AZE,Azerbaijan,"Life expectancy at birth, female (years)",Female,2023,77.134
BHS,Bahamas,"Life expectancy at birth, female (years)",Female,2023,78.187
BHR,Bahrain,"Life expectancy at birth, female (years)",Female,2023,81.987
BGD,Bangladesh,"Life expectancy at birth, female (years)",Female,2023,76.373
BRB,Barbados,"Life expectancy at birth, female (years)",Female,2023,78.615
BLR,Belarus,"Life expectancy at birth, female (years)",Female,2023,79.065
BEL,Belgium,"Life expectancy at birth, female (years)",Female,2023,84.329
BLZ,Belize,"Life expectancy at birth, female (years)",Female,2023,76.495
BEN,Benin,"Life expectancy at birth, female (years)",Female,2023,62.208
BMU,Bermuda,"Life expectancy at birth, female (years)",Female,2023,85.742
BTN,Bhutan,"Life expectancy at birth, female (years)",Female,2023,74.965
BOL,Bolivia,"Life expectancy at birth, female (years)",Female,2023,71.145
BES,Bonaire Sint Eustatius and Saba,"Life expectancy at birth, female (years)",Female,2023,80.163
BIH,Bosnia and Herzegovina,"Life expectancy at birth, female (years)",Female,2023,80.903
BWA,Botswana,"Life expectancy at birth, female (years)",Female,2023,71.698
BRA,Brazil,"Life expectancy at birth, female (years)",Female,2023,78.983
VGB,British Virgin Islands,"Life expectancy at birth, female (years)",Female,2023,80.049
BRN,Brunei,"Life expectancy at birth, female (years)",Female,2023,77.555
BGR,Bulgaria,"Life expectancy at birth, female (years)",Female,2023,79.213
BFA,Burkina Faso,"Life expectancy at birth, female (years)",Female,2023,63.222
BDI,Burundi,"Life expectancy at birth, female (years)",Female,2023,65.697
KHM,Cambodia,"Life expectancy at birth, female (years)",Female,2023,73.187
CMR,Cameroon,"Life expectancy at birth, female (years)",Female,2023,65.944
CAN,Canada,"Life expectancy at birth, female (years)",Female,2023,84.83
CPV,Cape Verde,"Life expectancy at birth, female (years)",Female,2023,79.209
CYM,Cayman Islands,"Life expectancy at birth, female (years)",Female,2023,82.867
CAF,Central African Republic,"Life expectancy at birth, female (years)",Female,2023,59.29
TCD,Chad,"Life expectancy at birth, female (years)",Female,2023,57.014
CHL,Chile,"Life expectancy at birth, female (years)",Female,2023,83.084
CHN,China,"Life expectancy at birth, female (years)",Female,2023,80.926
COL,Colombia,"Life expectancy at birth, female (years)",Female,2023,80.452
COM,Comoros,"Life expectancy at birth, female (years)",Female,2023,68.932
COG,Congo,"Life expectancy at birth, female (years)",Female,2023,67.461
COK,Cook Islands,"Life expectancy at birth, female (years)",Female,2023,79.049
CRI,Costa Rica,"Life expectancy at birth, female (years)",Female,2023,83.42
CIV,Cote d'Ivoire,"Life expectancy at birth, female (years)",Female,2023,64.132
HRV,Croatia,"Life expectancy at birth, female (years)",Female,2023,81.688
CUB,Cuba,"Life expectancy at birth, female (years)",Female,2023,80.52
CUW,Curacao,"Life expectancy at birth, female (years)",Female,2023,80.823
CYP,Cyprus,"Life expectancy at birth, female (years)",Female,2023,83.668
CZE,Czechia,"Life expectancy at birth, female (years)",Female,2023,82.641
COD,Democratic Republic of Congo,"Life expectancy at birth, female (years)",Female,2023,64.038
DNK,Denmark,"Life expectancy at birth, female (years)",Female,2023,83.855
DJI,Djibouti,"Life expectancy at birth, female (years)",Female,2023,68.51
DMA,Dominica,"Life expectancy at birth, female (years)",Female,2023,74.545
DOM,Dominican Republic,"Life expectancy at birth, female (years)",Female,2023,76.975
TLS,East Timor,"Life expectancy at birth, female (years)",Female,2023,69.436
ECU,Ecuador,"Life expectancy at birth, female (years)",Female,2023,80.139
EGY,Egypt,"Life expectancy at birth, female (years)",Female,2023,73.809
SLV,El Salvador,"Life expectancy at birth, female (years)",Female,2023,76.264
GNQ,Equatorial Guinea,"Life expectancy at birth, female (years)",Female,2023,65.661
ERI,Eritrea,"Life expectancy at birth, female (years)",Female,2023,70.656
EST,Estonia,"Life expectancy at birth, female (years)",Female,2023,83.043
SWZ,Eswatini,"Life expectancy at birth, female (years)",Female,2023,66.953
ETH,Ethiopia,"Life expectancy at birth, female (years)",Female,2023,70.726
,Europe (UN),"Life expectancy at birth, female (years)",Female,2023,82.563
FLK,Falkland Islands,"Life expectancy at birth, female (years)",Female,2023,81.24
FRO,Faroe Islands,"Life expectancy at birth, female (years)",Female,2023,82.504
FJI,Fiji,"Life expectancy at birth, female (years)",Female,2023,69.362
FIN,Finland,"Life expectancy at birth, female (years)",Female,2023,84.665
FRA,France,"Life expectancy at birth, female (years)",Female,2023,86.088
GUF,French Guiana,"Life expectancy at birth, female (years)",Female,2023,79.99
PYF,French Polynesia,"Life expectancy at birth, female (years)",Female,2023,86.505
GAB,Gabon,"Life expectancy at birth, female (years)",Female,2023,71.052
GMB,Gambia,"Life expectancy at birth, female (years)",Female,2023,67.534
GEO,Georgia,"Life expectancy at birth, female (years)",Female,2023,79.107
DEU,Germany,"Life expectancy at birth, female (years)",Female,2023,83.756
GHA,Ghana,"Life expectancy at birth, female (years)",Female,2023,67.943
GIB,Gibraltar,"Life expectancy at birth, female (years)",Female,2023,86.143
GRC,Greece,"Life expectancy at birth, female (years)",Female,2023,84.331
GRL,Greenland,"Life expectancy at birth, female (years)",Female,2023,72.439
GRD,Grenada,"Life expectancy at birth, female (years)",Female,2023,78.359
GLP,Guadeloupe,"Life expectancy at birth, female (years)",Female,2023,85.531
GUM,Guam,"Life expectancy at birth, female (years)",Female,2023,81.419
GTM,Guatemala,"Life expectancy at birth, female (years)",Female,2023,74.877
GGY,Guernsey,"Life expectancy at birth, female (years)",Female,2023,85.576
GIN,Guinea,"Life expectancy at birth, female (years)",Female,2023,61.897
GNB,Guinea-Bissau,"Life expectancy at birth, female (years)",Female,2023,66.362
GUY,Guyana,"Life expectancy at birth, female (years)",Female,2023,73.944
HTI,Haiti,"Life expectancy at birth, female (years)",Female,2023,68.3
,High-income countries,"Life expectancy at birth, female (years)",Female,2023,84.052
HND,Honduras,"Life expectancy at birth, female (years)",Female,2023,75.501
HKG,Hong Kong,"Life expectancy at birth, female (years)",Female,2023,88.129
HUN,Hungary,"Life expectancy at birth, female (years)",Female,2023,80.189
ISL,Iceland,"Life expectancy at birth, female (years)",Female,2023,84.506
IND,India,"Life expectancy at birth, female (years)",Female,2023,73.598
IDN,Indonesia,"Life expectancy at birth, female (years)",Female,2023,73.268
IRN,Iran,"Life expectancy at birth, female (years)",Female,2023,79.628
IRQ,Iraq,"Life expectancy at birth, female (years)",Female,2023,74.055
IRL,Ireland,"Life expectancy at birth, female (years)",Female,2023,84.478
IMN,Isle of Man,"Life expectancy at birth, female (years)",Female,2023,83.134
ISR,Israel,"Life expectancy at birth, female (years)",Female,2023,84.59
ITA,Italy,"Life expectancy at birth, female (years)",Female,2023,85.746
JAM,Jamaica,"Life expectancy at birth, female (years)",Female,2023,73.994
JPN,Japan,"Life expectancy at birth, female (years)",Female,2023,87.741
JEY,Jersey,"Life expectancy at birth, female (years)",Female,2023,81.758
JOR,Jordan,"Life expectancy at birth, female (years)",Female,2023,80.192
KAZ,Kazakhstan,"Life expectancy at birth, female (years)",Female,2023,78.394
KEN,Kenya,"Life expectancy at birth, female (years)",Female,2023,65.92
KIR,Kiribati,"Life expectancy at birth, female (years)",Female,2023,68.17
OWID_KOS,Kosovo,"Life expectancy at birth, female (years)",Female,2023,80.118
KWT,Kuwait,"Life expectancy at birth, female (years)",Female,2023,81.846
KGZ,Kyrgyzstan,"Life expectancy at birth, female (years)",Female,2023,75.249
LAO,Laos,"Life expectancy at birth, female (years)",Female,2023,71.25
,Latin America and the Caribbean (UN),"Life expectancy at birth, female (years)",Female,2023,78.639
LVA,Latvia,"Life expectancy at birth, female (years)",Female,2023,80.472
,Least developed countries,"Life expectancy at birth, female (years)",Female,2023,68.661
LBN,Lebanon,"Life expectancy at birth, female (years)",Female,2023,79.734
LSO,Lesotho,"Life expectancy at birth, female (years)",Female,2023,60.007
,Less developed regions,"Life expectancy at birth, female (years)",Female,2023,74.26
,"Less developed regions, excluding China","Life expectancy at birth, female (years)",Female,2023,72.508
,"Less developed regions, excluding least developed countries","Life expectancy at birth, female (years)",Female,2023,75.442
LBR,Liberia,"Life expectancy at birth, female (years)",Female,2023,63.444
LBY,Libya,"Life expectancy at birth, female (years)",Female,2023,70.416
LIE,Liechtenstein,"Life expectancy at birth, female (years)",Female,2023,85.321
LTU,Lithuania,"Life expectancy at birth, female (years)",Female,2023,80.675
,Low-income countries,"Life expectancy at birth, female (years)",Female,2023,67.32
,Lower-middle-income countries,"Life expectancy at birth, female (years)",Female,2023,71.613
LUX,Luxembourg,"Life expectancy at birth, female (years)",Female,2023,83.836
MAC,Macao,"Life expectancy at birth, female (years)",Female,2023,85.249
MDG,Madagascar,"Life expectancy at birth, female (years)",Female,2023,65.377
MWI,Malawi,"Life expectancy at birth, female (years)",Female,2023,70.562
MYS,Malaysia,"Life expectancy at birth, female (years)",Female,2023,79.37
MDV,Maldives,"Life expectancy at birth, female (years)",Female,2023,82.819
MLI,Mali,"Life expectancy at birth, female (years)",Female,2023,61.9
MLT,Malta,"Life expectancy at birth, female (years)",Female,2023,85.259
MHL,Marshall Islands,"Life expectancy at birth, female (years)",Female,2023,69.334
MTQ,Martinique,"Life expectancy at birth, female (years)",Female,2023,85.618
MRT,Mauritania,"Life expectancy at birth, female (years)",Female,2023,70.484
MUS,Mauritius,"Life expectancy at birth, female (years)",Female,2023,78.18
MYT,Mayotte,"Life expectancy at birth, female (years)",Female,2023,78.331
MEX,Mexico,"Life expectancy at birth, female (years)",Female,2023,77.811
FSM,Micronesia (country),"Life expectancy at birth, female (years)",Female,2023,71.119
MDA,Moldova,"Life expectancy at birth, female (years)",Female,2023,75.535
MCO,Monaco,"Life expectancy at birth, female (years)",Female,2023,88.504
MNG,Mongolia,"Life expectancy at birth, female (years)",Female,2023,76.43
MNE,Montenegro,"Life expectancy at birth, female (years)",Female,2023,80.31
MSR,Montserrat,"Life expectancy at birth, female (years)",Female,2023,78.813
,More developed regions,"Life expectancy at birth, female (years)",Female,2023,83.049
MAR,Morocco,"Life expectancy at birth, female (years)",Female,2023,77.6
MOZ,Mozambique,"Life expectancy at birth, female (years)",Female,2023,66.544
MMR,Myanmar,"Life expectancy at birth, female (years)",Female,2023,70.164
NAM,Namibia,"Life expectancy at birth, female (years)",Female,2023,71.337
NRU,Nauru,"Life expectancy at birth, female (years)",Female,2023,64.003
NPL,Nepal,"Life expectancy at birth, female (years)",Female,2023,71.837
NLD,Netherlands,"Life expectancy at birth, female (years)",Female,2023,83.739
NCL,New Caledonia,"Life expectancy at birth, female (years)",Female,2023,81.286
NZL,New Zealand,"Life expectancy at birth, female (years)",Female,2023,83.77
NIC,Nicaragua,"Life expectancy at birth, female (years)",Female,2023,77.418
NER,Niger,"Life expectancy at birth, female (years)",Female,2023,62.129
NGA,Nigeria,"Life expectancy at birth, female (years)",Female,2023,54.743
NIU,Niue,"Life expectancy at birth, female (years)",Female,2023,72.71
PRK,North Korea,"Life expectancy at birth, female (years)",Female,2023,75.744
MKD,North Macedonia,"Life expectancy at birth, female (years)",Female,2023,79.57
,Northern America (UN),"Life expectancy at birth, female (years)",Female,2023,82.156
MNP,Northern Mariana Islands,"Life expectancy at birth, female (years)",Female,2023,80.74
NOR,Norway,"Life expectancy at birth, female (years)",Female,2023,84.849
,Oceania (UN),"Life expectancy at birth, female (years)",Female,2023,81.511
OMN,Oman,"Life expectancy at birth, female (years)",Female,2023,81.882
PAK,Pakistan,"Life expectancy at birth, female (years)",Female,2023,70.163
PLW,Palau,"Life expectancy at birth, female (years)",Female,2023,71.798
PSE,Palestine,"Life expectancy at birth, female (years)",Female,2023,71.502
PAN,Panama,"Life expectancy at birth, female (years)",Female,2023,82.557
PNG,Papua New Guinea,"Life expectancy at birth, female (years)",Female,2023,69.085
PRY,Paraguay,"Life expectancy at birth, female (years)",Female,2023,76.953
PER,Peru,"Life expectancy at birth, female (years)",Female,2023,80.123
PHL,Philippines,"Life expectancy at birth, female (years)",Female,2023,72.819
POL,Poland,"Life expectancy at birth, female (years)",Female,2023,82.354
PRT,Portugal,"Life expectancy at birth, female (years)",Female,2023,85.118
PRI,Puerto Rico,"Life expectancy at birth, female (years)",Female,2023,85.243
QAT,Qatar,"Life expectancy at birth, female (years)",Female,2023,83.368
REU,Reunion,"Life expectancy at birth, female (years)",Female,2023,86.333
ROU,Romania,"Life expectancy at birth, female (years)",Female,2023,79.555
RUS,Russia,"Life expectancy at birth, female (years)",Female,2023,79.037
RWA,Rwanda,"Life expectancy at birth, female (years)",Female,2023,69.886
BLM,Saint Barthelemy,"Life expectancy at birth, female (years)",Female,2023,86.81
SHN,Saint Helena,"Life expectancy at birth, female (years)",Female,2023,80.622
KNA,Saint Kitts and Nevis,"Life expectancy at birth, female (years)",Female,2023,76.023
LCA,Saint Lucia,"Life expectancy at birth, female (years)",Female,2023,76.304
MAF,Saint Martin (French part),"Life expectancy at birth, female (years)",Female,2023,83.839
SPM,Saint Pierre and Miquelon,"Life expectancy at birth, female (years)",Female,2023,81.516
VCT,Saint Vincent and the Grenadines,"Life expectancy at birth, female (years)",Female,2023,74.315
WSM,Samoa,"Life expectancy at birth, female (years)",Female,2023,73.662
SMR,San Marino,"Life expectancy at birth, female (years)",Female,2023,87.1
STP,Sao Tome and Principe,"Life expectancy at birth, female (years)",Female,2023,73.728
SAU,Saudi Arabia,"Life expectancy at birth, female (years)",Female,2023,81.156
SEN,Senegal,"Life expectancy at birth, female (years)",Female,2023,70.754
SRB,Serbia,"Life expectancy at birth, female (years)",Female,2023,80.042
SYC,Seychelles,"Life expectancy at birth, female (years)",Female,2023,76.515
SLE,Sierra Leone,"Life expectancy at birth, female (years)",Female,2023,63.502
SGP,Singapore,"Life expectancy at birth, female (years)",Female,2023,86.236
SXM,Sint Maarten (Dutch part),"Life expectancy at birth, female (years)",Female,2023,79.531
SVK,Slovakia,"Life expectancy at birth, female (years)",Female,2023,81.581
SVN,Slovenia,"Life expectancy at birth, female (years)",Female,2023,84.337
SLB,Solomon Islands,"Life expectancy at birth, female (years)",Female,2023,71.982
SOM,Somalia,"Life expectancy at birth, female (years)",Female,2023,61.388
ZAF,South Africa,"Life expectancy at birth, female (years)",Female,2023,69.599
KOR,South Korea,"Life expectancy at birth, female (years)",Female,2023,87.158
SSD,South Sudan,"Life expectancy at birth, female (years)",Female,2023,60.627
ESP,Spain,"Life expectancy at birth, female (years)",Female,2023,86.312
LKA,Sri Lanka,"Life expectancy at birth, female (years)",Female,2023,80.593
SDN,Sudan,"Life expectancy at birth, female (years)",Female,2023,69.626
SUR,Suriname,"Life expectancy at birth, female (years)",Female,2023,76.835
SWE,Sweden,"Life expectancy at birth, female (years)",Female,2023,85.101
CHE,Switzerland,"Life expectancy at birth, female (years)",Female,2023,85.833
SYR,Syria,"Life expectancy at birth, female (years)",Female,2023,74.412
TWN,Taiwan,"Life expectancy at birth, female (years)",Female,2023,83.607
TJK,Tajikistan,"Life expectancy at birth, female (years)",Female,2023,73.976
TZA,Tanzania,"Life expectancy at birth, female (years)",Female,2023,69.775
THA,Thailand,"Life expectancy at birth, female (years)",Female,2023,80.861
TGO,Togo,"Life expectancy at birth, female (years)",Female,2023,62.923
TKL,Tokelau,"Life expectancy at birth, female (years)",Female,2023,78.922
TON,Tonga,"Life expectancy at birth, female (years)",Female,2023,76.405
TTO,Trinidad and Tobago,"Life expectancy at birth, female (years)",Female,2023,76.683
TUN,Tunisia,"Life expectancy at birth, female (years)",Female,2023,79.149
TUR,Turkey,"Life expectancy at birth, female (years)",Female,2023,79.855
TKM,Turkmenistan,"Life expectancy at birth, female (years)",Female,2023,72.839
TCA,Turks and Caicos Islands,"Life expectancy at birth, female (years)",Female,2023,80.297
TUV,Tuvalu,"Life expectancy at birth, female (years)",Female,2023,70.698
UGA,Uganda,"Life expectancy at birth, female (years)",Female,2023,71.116
UKR,Ukraine,"Life expectancy at birth, female (years)",Female,2023,80.198
ARE,United Arab Emirates,"Life expectancy at birth, female (years)",Female,2023,84.204
GBR,United Kingdom,"Life expectancy at birth, female (years)",Female,2023,83.208
USA,United States,"Life expectancy at birth, female (years)",Female,2023,81.849
VIR,United States Virgin Islands,"Life expectancy at birth, female (years)",Female,2023,81.352
,Upper-middle-income countries,"Life expectancy at birth, female (years)",Female,2023,79.013
URY,Uruguay,"Life expectancy at birth, female (years)",Female,2023,81.92
UZB,Uzbekistan,"Life expectancy at birth, female (years)",Female,2023,75.401
VUT,Vanuatu,"Life expectancy at birth, female (years)",Female,2023,73.927
VAT,Vatican,"Life expectancy at birth, female (years)",Female,2023,85.12
VEN,Venezuela,"Life expectancy at birth, female (years)",Female,2023,76.501
VNM,Vietnam,"Life expectancy at birth, female (years)",Female,2023,79.264
WLF,Wallis and Futuna,"Life expectancy at birth, female (years)",Female,2023,79.616
ESH,Western Sahara,"Life expectancy at birth, female (years)",Female,2023,73.546
OWID_WRL,World,"Life expectancy at birth, female (years)",Female,2023,75.886
YEM,Yemen,"Life expectancy at birth, female (years)",Female,2023,71.388
ZMB,Zambia,"Life expectancy at birth, female (years)",Female,2023,68.673
ZWE,Zimbabwe,"Life expectancy at birth, female (years)",Female,2023,65.013
